      
Fanny_Marrin@rmadrid.com*Fanny*Marrin*VISA*4532223047832660
Isaiah_Gauna@montreal.com*Isaiah*Gauna*AMEX*340787522231191
Amie_Harrod@hotmail.com*Amie*Harrod*MASTERCARD*5392239677594950
Tatiana_Strader@univ.net*Tatiana*Strader*VISA*4929328418133610
Prudence_Meraz@newspapaer.com*Prudence*Meraz*AMEX*342186483271163
Eula_Patch@india.net*Eula*Patch*MASTERCARD*5521259493397540
Stephany_Hersman@europe.com*Stephany*Hersman*VISA*4916573755475650
Kera_Chicoine@africa.net*Kera*Chicoine*AMEX*375699527089367
