n.baloney@123.ca*Nick*Baloney*mastercard*5201895554761329
mcawesome.derek@456.com*Derek*McAwesome*visa*4556681351886004
tremgin4@alloqc.ca*Ginette*Tremblay*visa*4532913138654408
knitting_fan_37@aol.com*Gertrude*Powell*visa*4539744292446098
peake.gordon@aol.com*Gordon*Peake*mastercard*5512513800465736
cprice31@canadiens.com*Carey*Price*amex*340872454717316
Adi_Mutu@cocacola.com*Adrian*Mutu*mastercard*5537971109386493
mamadou42@dawsoncollege.qc.ca*Tahar*Mustapha**
syndicatdesetudiants@dawsoncollege.qc.ca*Nagi*Amir*amex*371125677342194
cosmin.corbosi@emperor.ro*Cosmin*Corbosi*mastercard*5152059577323406
dorothy-black@facebook.com*Dorothy*Black*visa*4532238016707486
nothefeds@fbi.gov*John*Smith*visa*4532351329375089
Jean_Gero@gg.fr*Jean*Gerophar*visa*4929596474756407
huffypuffyduffy@gmail.ca*Hillary*Trump*amex*344358488765451
Jack_Bauer24@gmail.ca*Jack*Bauer*visa*4539663276313217
john.bussiness@gmail.ca*Johny-Laurence*Smith**
tim.paterson101@gmail.ca*Tim*Paterson*visa*4716751155691269
AlexWhite@gmail.com*Alex*White*amex*377672166199415
AllenWilson@gmail.com*Allen*Wilson*visa*4024007181390658
Becky_Bashore@gmail.com*Becky*Bashore*visa*4929758907013588
DarrenHart@gmail.com*Darren*Hart*visa*4323736728112567
gabbyCats@gmail.com*Gabrielle*Grover*mastercard*5285441218320241
grandpa1600@gmail.com*Old*Guy*visa*4532194841688047
homerSimpson@gmail.com*Homer*Simpson*amex*349606534929918
huey@gmail.com*Huey*Freeman**
JudyHernandez@gmail.com*Judy*Hernandez*amex*371846941701077
martinshell@gmail.com*Martin*Sheller*visa*4539257662667540
mtahar1998@gmail.com*Tahar*Mohamed*amex*346753761038329
nicholas.hardacre2@gmail.com*Nicholas*Hardacre*mastercard*5584683790857839
reallyC00L@gmail.com*Kanye*West*amex*346369558266849
rebecca_graham@gmail.com*Rebecca*Graham**
romanian554@gmail.com*Cosmin*Sythprost*mastercard*5333802494710623
david_ferguson1@google.ca*David*Ferguson*visa*4024007160303235
johnsmith@google.com*John*Smith*amex*374674260424692
chrissytocool404@hitmall.com*Chrissy*Adams*mastercard*5209371001459604
kashing@hohi.wu*Kwang*Rumble*visa*4929791320206166
madoriHu@host.com*Humico*Madori*mastercard*5233382411178726
bob.b.y_lee@hotmail.ca*Bobby*Lee*mastercard*5458325441641567
675dtab@hotmail.com*Michael*Fassion*visa*4556052127344191
blind_tactician@hotmail.com*Bruce*Lee*amex*343770095420141
frogster@hotmail.com*Kermit*Frog*amex*371713105224561
G8772375@hotmail.com*gabrielle*montcalm**
JoeReed@hotmail.com*Joe*Reed**
mofojones@hotmail.com*Mofo*Jones*visa*4532436471193461
piquanteChiquita@hotmail.com*Dominica*Esperente**
super_woman669@hotmail.com*Andreea*Galchenyuk*mastercard*5388941127716138
super_man659@hotmail.fr*Nicolas*Ghallaryu*visa*4532225872064086
buildco@house.com*Bob*Boulder*amex*375415349547759
benjamin.ballll@inbox.com*Benjamin*Ball*amex*377308500585007
sterling.archer@isis.ca*Archer*Sterling*mastercard*5214227392892824
user.divo@kimo.ru*Kamila*Divoli*amex*341660445816654
raj@king.ru*Raj*Wong*visa*4556737586899855
donjeph@live.ca*Jephthia*Louis*visa*4056421249062327
Kyle.bro@live.ca*Kyle*Brovlaski**
mtahar98@live.ca*Mohamed*Mustapha*amex*374372973661649
peterGriffin@live.ca*Peter*Griffin*visa*4024007170639776
ryley2000@live.ca*Ryley*Freeman**
Stewie.griffin@live.ca*Stewie*Griffin*mastercard*5210744166995256
the_blur@live.ca*Barry*Allen*visa*4929042939787133
The_Rock@live.ca*Dwayne*Johnson*mastercard*5276163520081912
Umila-Gangee@local.ca*Umila*Gangee**
MyNameIsSheila@localhost*Sheila*Kaif*amex*374425782767815
joe.mancini@mail.me*Joe*Mancini**
robert.is-awesome@mail.me*Robert*Siri*visa*4485011762777210
darkestSoul@mail.ru*Igor*Chekovski**
matthew.mileto@McDonalds.ca*Matthew*Mileto**
alonso@mclaren.com*Fernando*Alonso*visa*4556054416014030
samtarley@microsoft.com*Samantha*Tarley*visa*4485514743702702
sandra@mycompany.com*Sandra*Bilcos*mastercard*5432977945459309
PhillipFry_3940@outlook.ca*Phillip*Fry*amex*345780742674865
brian.robertson33@outlook.com*Brian*Robertson*visa*4929177939955676
JaneYoung@outlook.com*Jane*Young**
KatherineStearns@outlook.com*Katherine*Stearns*mastercard*5191991357084357
MargaretCurry@outlook.com*Margaret*Curry*mastercard*5275685962387093
flowerpower2@peace.net*Rose*Hilton*amex*344931899529540
Du_Tan@peasant.mw*Du Tan*Nguyen**
michelle@sweetmontreal.ca*Michelle*Nguyen*visa*4556892875771479
BigRichard87@sympatico.ca*richard*waterson*visa*4024007156615600
Andy.Larkin@teletoon.ca*Andrew*Larkin**
penn@tennisballs.com*Sean*Penn*visa*4916833770048246
cuty.kathy.2008@yahoo.ca*Kathy*Perry**
emz1234@yahoo.ca*Emily*Kildare**
frank.sanderson33@yahoo.ca*Frank*Sanderson*visa*4485035665888683
Johnny.Smith9584@yahoo.ca*Johnny*Smith*visa*4135152345260946
l0l1b0y@yahoo.ca*Marcus*Dialoro*amex*343863258593851
Mr_Unidentified@yahoo.ca*John*Doe*mastercard*5572941705007864
no1habsdude@yahoo.ca*jason*wao*amex*342063300137242
Microsoftguy@yahoo.com*Bill*Gates**
mmmDoughnuts@yahoo.com*Homer*Simpson*mastercard*5369320304819341
Taylor_Thornell@yahoo.com*Taylor*Thornell*amex*378040141797977
thomstewart1@zoho.com*Thomas*Stewart**
